[
  {
    "abilities": "['Overgrow', 'Chlorophyll']",
    "against_bug": 1,
    "against_dark": 1,
    "against_dragon": 1,
    "against_electric": 0.5,
    "against_fairy": 0.5,
    "against_fight": 0.5,
    "against_fire": 2,
    "against_flying": 2,
    "against_ghost": 1,
    "against_grass": 0.25,
    "against_ground": 1,
    "against_ice": 2,
    "against_normal": 1,
    "against_poison": 1,
    "against_psychic": 2,
    "against_rock": 1,
    "against_steel": 1,
    "against_water": 0.5,
    "attack": 49,
    "base_egg_steps": 5120,
    "base_happiness": 70,
    "base_total": 318,
    "capture_rate": 45,
    "classfication": "Seed Pokémon",
    "defense": 49,
    "experience_growth": 1059860,
    "height_m": 0.7,
    "hp": 45,
    "japanese_name": "Fushigidaneフシギダネ",
    "name": "Bulbasaur",
    "percentage_male": 88.1,
    "pokedex_number": 1,
    "sp_attack": 65,
    "sp_defense": 65,
    "speed": 45,
    "type1": "grass",
    "type2": "poison",
    "weight_kg": 6.9,
    "generation": 1,
    "is_legendary": 0
  },
  {
    "abilities": "['Overgrow', 'Chlorophyll']",
    "against_bug": 1,
    "against_dark": 1,
    "against_dragon": 1,
    "against_electric": 0.5,
    "against_fairy": 0.5,
    "against_fight": 0.5,
    "against_fire": 2,
    "against_flying": 2,
    "against_ghost": 1,
    "against_grass": 0.25,
    "against_ground": 1,
    "against_ice": 2,
    "against_normal": 1,
    "against_poison": 1,
    "against_psychic": 2,
    "against_rock": 1,
    "against_steel": 1,
    "against_water": 0.5,
    "attack": 62,
    "base_egg_steps": 5120,
    "base_happiness": 70,
    "base_total": 405,
    "capture_rate": 45,
    "classfication": "Seed Pokémon",
    "defense": 63,
    "experience_growth": 1059860,
    "height_m": 1,
    "hp": 60,
    "japanese_name": "Fushigisouフシギソウ",
    "name": "Ivysaur",
    "percentage_male": 88.1,
    "pokedex_number": 2,
    "sp_attack": 80,
    "sp_defense": 80,
    "speed": 60,
    "type1": "grass",
    "type2": "poison",
    "weight_kg": 13,
    "generation": 1,
    "is_legendary": 0

  },
  {
    "abilities": "['Overgrow', 'Chlorophyll']",
    "against_bug": 1,
    "against_dark": 1,
    "against_dragon": 1,
    "against_electric": 0.5,
    "against_fairy": 0.5,
    "against_fight": 0.5,
    "against_fire": 2,
    "against_flying": 2,
    "against_ghost": 1,
    "against_grass": 0.25,
    "against_ground": 1,
    "against_ice": 2,
    "against_normal": 1,
    "against_poison": 1,
    "against_psychic": 2,
    "against_rock": 1,
    "against_steel": 1,
    "against_water": 0.5,
    "attack": 100,
    "base_egg_steps": 5120,
    "base_happiness": 70,
    "base_total": 625,
    "capture_rate": 45,
    "classfication": "Seed Pokémon",
    "defense": 123,
    "experience_growth": 1059860,
    "height_m": 2,
    "hp": 80,
    "japanese_name": "Fushigibanaフシギバナ",
    "name": "Venusaur",
    "percentage_male": 88.1,
    "pokedex_number": 3,
    "sp_attack": 122,
    "sp_defense": 120,
    "speed": 80,
    "type1": "grass",
    "type2": "poison",
    "weight_kg": 100,
    "generation": 1,
    "is_legendary": 0
  },
  {
    "abilities": "['Blaze', 'Solar Power']",
    "against_bug": 0.5,
    "against_dark": 1,
    "against_dragon": 1,
    "against_electric": 1,
    "against_fairy": 0.5,
    "against_fight": 1,
    "against_fire": 0.5,
    "against_flying": 1,
    "against_ghost": 1,
    "against_grass": 0.5,
    "against_ground": 2,
    "against_ice": 0.5,
    "against_normal": 1,
    "against_poison": 1,
    "against_psychic": 1,
    "against_rock": 2,
    "against_steel": 0.5,
    "against_water": 2,
    "attack": 52,
    "base_egg_steps": 5120,
    "base_happiness": 70,
    "base_total": 309,
    "capture_rate": 45,
    "classfication": "Lizard Pokémon",
    "defense": 43,
    "experience_growth": 1059860,
    "height_m": 0.6,
    "hp": 39,
    "japanese_name": "Hitokageヒトカゲ",
    "name": "Charmander",
    "percentage_male": 88.1,
    "pokedex_number": 4,
    "sp_attack": 60,
    "sp_defense": 50,
    "speed": 65,
    "type1": "fire",
    "type2": "",
    "weight_kg": 8.5,
    "generation": 1,
    "is_legendary": 0
  },
  {
    "abilities": "['Blaze', 'Solar Power']",
    "against_bug": 0.5,
    "against_dark": 1,
    "against_dragon": 1,
    "against_electric": 1,
    "against_fairy": 0.5,
    "against_fight": 1,
    "against_fire": 0.5,
    "against_flying": 1,
    "against_ghost": 1,
    "against_grass": 0.5,
    "against_ground": 2,
    "against_ice": 0.5,
    "against_normal": 1,
    "against_poison": 1,
    "against_psychic": 1,
    "against_rock": 2,
    "against_steel": 0.5,
    "against_water": 2,
    "attack": 64,
    "base_egg_steps": 5120,
    "base_happiness": 70,
    "base_total": 405,
    "capture_rate": 45,
    "classfication": "Flame Pokémon",
    "defense": 58,
    "experience_growth": 1059860,
    "height_m": 1.1,
    "hp": 58,
    "japanese_name": "Lizardoリザード",
    "name": "Charmeleon",
    "percentage_male": 88.1,
    "pokedex_number": 5,
    "sp_attack": 80,
    "sp_defense": 65,
    "speed": 80,
    "type1": "fire",
    "type2": "",
    "weight_kg": 19,
    "generation": 1,
    "is_legendary": 0
  },
  {
    "abilities": "['Blaze', 'Solar Power']",
    "against_bug": 0.25,
    "against_dark": 1,
    "against_dragon": 1,
    "against_electric": 2,
    "against_fairy": 0.5,
    "against_fight": 0.5,
    "against_fire": 0.5,
    "against_flying": 1,
    "against_ghost": 1,
    "against_grass": 0.25,
    "against_ground": 0,
    "against_ice": 1,
    "against_normal": 1,
    "against_poison": 1,
    "against_psychic": 1,
    "against_rock": 4,
    "against_steel": 0.5,
    "against_water": 2,
    "attack": 104,
    "base_egg_steps": 5120,
    "base_happiness": 70,
    "base_total": 634,
    "capture_rate": 45,
    "classfication": "Flame Pokémon",
    "defense": 78,
    "experience_growth": 1059860,
    "height_m": 1.7,
    "hp": 78,
    "japanese_name": "Lizardonリザードン",
    "name": "Charizard",
    "percentage_male": 88.1,
    "pokedex_number": 6,
    "sp_attack": 159,
    "sp_defense": 115,
    "speed": 100,
    "type1": "fire",
    "type2": "flying",
    "weight_kg": 90.5,
    "generation": 1,
    "is_legendary": 0
  },
  {
    "abilities": "['Torrent', 'Rain Dish']",
    "against_bug": 1,
    "against_dark": 1,
    "against_dragon": 1,
    "against_electric": 2,
    "against_fairy": 1,
    "against_fight": 1,
    "against_fire": 0.5,
    "against_flying": 1,
    "against_ghost": 1,
    "against_grass": 2,
    "against_ground": 1,
    "against_ice": 0.5,
    "against_normal": 1,
    "against_poison": 1,
    "against_psychic": 1,
    "against_rock": 1,
    "against_steel": 0.5,
    "against_water": 0.5,
    "attack": 48,
    "base_egg_steps": 5120,
    "base_happiness": 70,
    "base_total": 314,
    "capture_rate": 45,
    "classfication": "Tiny Turtle Pokémon",
    "defense": 65,
    "experience_growth": 1059860,
    "height_m": 0.5,
    "hp": 44,
    "japanese_name": "Zenigameゼニガメ",
    "name": "Squirtle",
    "percentage_male": 88.1,
    "pokedex_number": 7,
    "sp_attack": 50,
    "sp_defense": 64,
    "speed": 43,
    "type1": "water",
    "type2": "",
    "weight_kg": 9,
    "generation": 1,
    "is_legendary": 0
  },
  {
    "abilities": "['Torrent', 'Rain Dish']",
    "against_bug": 1,
    "against_dark": 1,
    "against_dragon": 1,
    "against_electric": 2,
    "against_fairy": 1,
    "against_fight": 1,
    "against_fire": 0.5,
    "against_flying": 1,
    "against_ghost": 1,
    "against_grass": 2,
    "against_ground": 1,
    "against_ice": 0.5,
    "against_normal": 1,
    "against_poison": 1,
    "against_psychic": 1,
    "against_rock": 1,
    "against_steel": 0.5,
    "against_water": 0.5,
    "attack": 63,
    "base_egg_steps": 5120,
    "base_happiness": 70,
    "base_total": 405,
    "capture_rate": 45,
    "classfication": "Turtle Pokémon",
    "defense": 80,
    "experience_growth": 1059860,
    "height_m": 1,
    "hp": 59,
    "japanese_name": "Kameilカメール",
    "name": "Wartortle",
    "percentage_male": 88.1,
    "pokedex_number": 8,
    "sp_attack": 65,
    "sp_defense": 80,
    "speed": 58,
    "type1": "water",
    "type2": "",
    "weight_kg": 22.5,
    "generation": 1,
    "is_legendary": 0
  },
  {
    "abilities": "['Torrent', 'Rain Dish']",
    "against_bug": 1,
    "against_dark": 1,
    "against_dragon": 1,
    "against_electric": 2,
    "against_fairy": 1,
    "against_fight": 1,
    "against_fire": 0.5,
    "against_flying": 1,
    "against_ghost": 1,
    "against_grass": 2,
    "against_ground": 1,
    "against_ice": 0.5,
    "against_normal": 1,
    "against_poison": 1,
    "against_psychic": 1,
    "against_rock": 1,
    "against_steel": 0.5,
    "against_water": 0.5,
    "attack": 103,
    "base_egg_steps": 5120,
    "base_happiness": 70,
    "base_total": 630,
    "capture_rate": 45,
    "classfication": "Shellfish Pokémon",
    "defense": 120,
    "experience_growth": 1059860,
    "height_m": 1.6,
    "hp": 79,
    "japanese_name": "Kamexカメックス",
    "name": "Blastoise",
    "percentage_male": 88.1,
    "pokedex_number": 9,
    "sp_attack": 135,
    "sp_defense": 115,
    "speed": 78,
    "type1": "water",
    "type2": "",
    "weight_kg": 85.5,
    "generation": 1,
    "is_legendary": 0
  },
  {
    "abilities": "['Shield Dust', 'Run Away']",
    "against_bug": 1,
    "against_dark": 1,
    "against_dragon": 1,
    "against_electric": 1,
    "against_fairy": 1,
    "against_fight": 0.5,
    "against_fire": 2,
    "against_flying": 2,
    "against_ghost": 1,
    "against_grass": 0.5,
    "against_ground": 0.5,
    "against_ice": 1,
    "against_normal": 1,
    "against_poison": 1,
    "against_psychic": 1,
    "against_rock": 2,
    "against_steel": 1,
    "against_water": 1,
    "attack": 30,
    "base_egg_steps": 3840,
    "base_happiness": 70,
    "base_total": 195,
    "capture_rate": 255,
    "classfication": "Worm Pokémon",
    "defense": 35,
    "experience_growth": 1000000,
    "height_m": 0.3,
    "hp": 45,
    "japanese_name": "Caterpieキャタピー",
    "name": "Caterpie",
    "percentage_male": 50,
    "pokedex_number": 10,
    "sp_attack": 20,
    "sp_defense": 20,
    "speed": 45,
    "type1": "bug",
    "type2": "",
    "weight_kg": 2.9,
    "generation": 1,
    "is_legendary": 0
  },
  {
    "abilities": "['Shed Skin']",
    "against_bug": 1,
    "against_dark": 1,
    "against_dragon": 1,
    "against_electric": 1,
    "against_fairy": 1,
    "against_fight": 0.5,
    "against_fire": 2,
    "against_flying": 2,
    "against_ghost": 1,
    "against_grass": 0.5,
    "against_ground": 0.5,
    "against_ice": 1,
    "against_normal": 1,
    "against_poison": 1,
    "against_psychic": 1,
    "against_rock": 2,
    "against_steel": 1,
    "against_water": 1,
    "attack": 20,
    "base_egg_steps": 3840,
    "base_happiness": 70,
    "base_total": 205,
    "capture_rate": 120,
    "classfication": "Cocoon Pokémon",
    "defense": 55,
    "experience_growth": 1000000,
    "height_m": 0.7,
    "hp": 50,
    "japanese_name": "Transelトランセル",
    "name": "Metapod",
    "percentage_male": 50,
    "pokedex_number": 11,
    "sp_attack": 25,
    "sp_defense": 25,
    "speed": 30,
    "type1": "bug",
    "type2": "",
    "weight_kg": 9.9,
    "generation": 1,
    "is_legendary": 0
  },
  {
    "abilities": "['Compoundeyes', 'Tinted Lens']",
    "against_bug": 0.5,
    "against_dark": 1,
    "against_dragon": 1,
    "against_electric": 2,
    "against_fairy": 1,
    "against_fight": 0.25,
    "against_fire": 2,
    "against_flying": 2,
    "against_ghost": 1,
    "against_grass": 0.25,
    "against_ground": 0,
    "against_ice": 2,
    "against_normal": 1,
    "against_poison": 1,
    "against_psychic": 1,
    "against_rock": 4,
    "against_steel": 1,
    "against_water": 1,
    "attack": 45,
    "base_egg_steps": 3840,
    "base_happiness": 70,
    "base_total": 395,
    "capture_rate": 45,
    "classfication": "Butterfly Pokémon",
    "defense": 50,
    "experience_growth": 1000000,
    "height_m": 1.1,
    "hp": 60,
    "japanese_name": "Butterfreeバタフリー",
    "name": "Butterfree",
    "percentage_male": 50,
    "pokedex_number": 12,
    "sp_attack": 90,
    "sp_defense": 80,
    "speed": 70,
    "type1": "bug",
    "type2": "flying",
    "weight_kg": 32,
    "generation": 1,
    "is_legendary": 0
  },
  {
    "abilities": "['Shield Dust', 'Run Away']",
    "against_bug": 0.5,
    "against_dark": 1,
    "against_dragon": 1,
    "against_electric": 1,
    "against_fairy": 0.5,
    "against_fight": 0.25,
    "against_fire": 2,
    "against_flying": 2,
    "against_ghost": 1,
    "against_grass": 0.25,
    "against_ground": 1,
    "against_ice": 1,
    "against_normal": 1,
    "against_poison": 0.5,
    "against_psychic": 2,
    "against_rock": 2,
    "against_steel": 1,
    "against_water": 1,
    "attack": 35,
    "base_egg_steps": 3840,
    "base_happiness": 70,
    "base_total": 195,
    "capture_rate": 255,
    "classfication": "Hairy Pokémon",
    "defense": 30,
    "experience_growth": 1000000,
    "height_m": 0.3,
    "hp": 40,
    "japanese_name": "Beedleビードル",
    "name": "Weedle",
    "percentage_male": 50,
    "pokedex_number": 13,
    "sp_attack": 20,
    "sp_defense": 20,
    "speed": 50,
    "type1": "bug",
    "type2": "poison",
    "weight_kg": 3.2,
    "generation": 1,
    "is_legendary": 0
  },
  {
    "abilities": "['Shed Skin']",
    "against_bug": 0.5,
    "against_dark": 1,
    "against_dragon": 1,
    "against_electric": 1,
    "against_fairy": 0.5,
    "against_fight": 0.25,
    "against_fire": 2,
    "against_flying": 2,
    "against_ghost": 1,
    "against_grass": 0.25,
    "against_ground": 1,
    "against_ice": 1,
    "against_normal": 1,
    "against_poison": 0.5,
    "against_psychic": 2,
    "against_rock": 2,
    "against_steel": 1,
    "against_water": 1,
    "attack": 25,
    "base_egg_steps": 3840,
    "base_happiness": 70,
    "base_total": 205,
    "capture_rate": 120,
    "classfication": "Cocoon Pokémon",
    "defense": 50,
    "experience_growth": 1000000,
    "height_m": 0.6,
    "hp": 45,
    "japanese_name": "Cocoonコクーン",
    "name": "Kakuna",
    "percentage_male": 50,
    "pokedex_number": 14,
    "sp_attack": 25,
    "sp_defense": 25,
    "speed": 35,
    "type1": "bug",
    "type2": "poison",
    "weight_kg": 10,
    "generation": 1,
    "is_legendary": 0
  },
  {
    "abilities": "['Swarm', 'Sniper']",
    "against_bug": 0.5,
    "against_dark": 1,
    "against_dragon": 1,
    "against_electric": 1,
    "against_fairy": 0.5,
    "against_fight": 0.25,
    "against_fire": 2,
    "against_flying": 2,
    "against_ghost": 1,
    "against_grass": 0.25,
    "against_ground": 1,
    "against_ice": 1,
    "against_normal": 1,
    "against_poison": 0.5,
    "against_psychic": 2,
    "against_rock": 2,
    "against_steel": 1,
    "against_water": 1,
    "attack": 150,
    "base_egg_steps": 3840,
    "base_happiness": 70,
    "base_total": 495,
    "capture_rate": 45,
    "classfication": "Poison Bee Pokémon",
    "defense": 40,
    "experience_growth": 1000000,
    "height_m": 1,
    "hp": 65,
    "japanese_name": "Spearスピアー",
    "name": "Beedrill",
    "percentage_male": 50,
    "pokedex_number": 15,
    "sp_attack": 15,
    "sp_defense": 80,
    "speed": 145,
    "type1": "bug",
    "type2": "poison",
    "weight_kg": 29.5,
    "generation": 1,
    "is_legendary": 0
  },
  {
    "abilities": "['Keen Eye', 'Tangled Feet', 'Big Pecks']",
    "against_bug": 0.5,
    "against_dark": 1,
    "against_dragon": 1,
    "against_electric": 2,
    "against_fairy": 1,
    "against_fight": 1,
    "against_fire": 1,
    "against_flying": 1,
    "against_ghost": 0,
    "against_grass": 0.5,
    "against_ground": 0,
    "against_ice": 2,
    "against_normal": 1,
    "against_poison": 1,
    "against_psychic": 1,
    "against_rock": 2,
    "against_steel": 1,
    "against_water": 1,
    "attack": 45,
    "base_egg_steps": 3840,
    "base_happiness": 70,
    "base_total": 251,
    "capture_rate": 255,
    "classfication": "Tiny Bird Pokémon",
    "defense": 40,
    "experience_growth": 1059860,
    "height_m": 0.3,
    "hp": 40,
    "japanese_name": "Poppoポッポ",
    "name": "Pidgey",
    "percentage_male": 50,
    "pokedex_number": 16,
    "sp_attack": 35,
    "sp_defense": 35,
    "speed": 56,
    "type1": "normal",
    "type2": "flying",
    "weight_kg": 1.8,
    "generation": 1,
    "is_legendary": 0
  },
  {
    "abilities": "['Keen Eye', 'Tangled Feet', 'Big Pecks']",
    "against_bug": 0.5,
    "against_dark": 1,
    "against_dragon": 1,
    "against_electric": 2,
    "against_fairy": 1,
    "against_fight": 1,
    "against_fire": 1,
    "against_flying": 1,
    "against_ghost": 0,
    "against_grass": 0.5,
    "against_ground": 0,
    "against_ice": 2,
    "against_normal": 1,
    "against_poison": 1,
    "against_psychic": 1,
    "against_rock": 2,
    "against_steel": 1,
    "against_water": 1,
    "attack": 60,
    "base_egg_steps": 3840,
    "base_happiness": 70,
    "base_total": 349,
    "capture_rate": 120,
    "classfication": "Bird Pokémon",
    "defense": 55,
    "experience_growth": 1059860,
    "height_m": 1.1,
    "hp": 63,
    "japanese_name": "Pigeonピジョン",
    "name": "Pidgeotto",
    "percentage_male": 50,
    "pokedex_number": 17,
    "sp_attack": 50,
    "sp_defense": 50,
    "speed": 71,
    "type1": "normal",
    "type2": "flying",
    "weight_kg": 30,
    "generation": 1,
    "is_legendary": 0
  },
  {
    "abilities": "['Keen Eye', 'Tangled Feet', 'Big Pecks']",
    "against_bug": 0.5,
    "against_dark": 1,
    "against_dragon": 1,
    "against_electric": 2,
    "against_fairy": 1,
    "against_fight": 1,
    "against_fire": 1,
    "against_flying": 1,
    "against_ghost": 0,
    "against_grass": 0.5,
    "against_ground": 0,
    "against_ice": 2,
    "against_normal": 1,
    "against_poison": 1,
    "against_psychic": 1,
    "against_rock": 2,
    "against_steel": 1,
    "against_water": 1,
    "attack": 80,
    "base_egg_steps": 3840,
    "base_happiness": 70,
    "base_total": 579,
    "capture_rate": 45,
    "classfication": "Bird Pokémon",
    "defense": 80,
    "experience_growth": 1059860,
    "height_m": 1.5,
    "hp": 83,
    "japanese_name": "Pigeotピジョット",
    "name": "Pidgeot",
    "percentage_male": 50,
    "pokedex_number": 18,
    "sp_attack": 135,
    "sp_defense": 80,
    "speed": 121,
    "type1": "normal",
    "type2": "flying",
    "weight_kg": 39.5,
    "generation": 1,
    "is_legendary": 0
  },
  {
    "abilities": "['Run Away', 'Guts', 'Hustle', 'Gluttony', 'Hustle', 'Thick Fat']",
    "against_bug": 1,
    "against_dark": 1,
    "against_dragon": 1,
    "against_electric": 1,
    "against_fairy": 1,
    "against_fight": 2,
    "against_fire": 1,
    "against_flying": 1,
    "against_ghost": 0,
    "against_grass": 1,
    "against_ground": 1,
    "against_ice": 1,
    "against_normal": 1,
    "against_poison": 1,
    "against_psychic": 1,
    "against_rock": 1,
    "against_steel": 1,
    "against_water": 1,
    "attack": 56,
    "base_egg_steps": 3840,
    "base_happiness": 70,
    "base_total": 253,
    "capture_rate": 255,
    "classfication": "Mouse Pokémon",
    "defense": 35,
    "experience_growth": 1000000,
    "height_m": "",
    "hp": 30,
    "japanese_name": "Korattaコラッタ",
    "name": "Rattata",
    "percentage_male": 50,
    "pokedex_number": 19,
    "sp_attack": 25,
    "sp_defense": 35,
    "speed": 72,
    "type1": "normal",
    "type2": "dark",
    "weight_kg": "",
    "generation": 1,
    "is_legendary": 0
  },
  {
    "abilities": "['Run Away', 'Guts', 'Hustle', 'Gluttony', 'Hustle', 'Thick Fat']",
    "against_bug": 1,
    "against_dark": 1,
    "against_dragon": 1,
    "against_electric": 1,
    "against_fairy": 1,
    "against_fight": 2,
    "against_fire": 1,
    "against_flying": 1,
    "against_ghost": 0,
    "against_grass": 1,
    "against_ground": 1,
    "against_ice": 1,
    "against_normal": 1,
    "against_poison": 1,
    "against_psychic": 1,
    "against_rock": 1,
    "against_steel": 1,
    "against_water": 1,
    "attack": 71,
    "base_egg_steps": 3840,
    "base_happiness": 70,
    "base_total": 413,
    "capture_rate": 127,
    "classfication": "Mouse Pokémon",
    "defense": 70,
    "experience_growth": 1000000,
    "height_m": "",
    "hp": 75,
    "japanese_name": "Rattaラッタ",
    "name": "Raticate",
    "percentage_male": 50,
    "pokedex_number": 20,
    "sp_attack": 40,
    "sp_defense": 80,
    "speed": 77,
    "type1": "normal",
    "type2": "dark",
    "weight_kg": "",
    "generation": 1,
    "is_legendary": 0
  },
  {
    "abilities": "['Keen Eye', 'Sniper']",
    "against_bug": 0.5,
    "against_dark": 1,
    "against_dragon": 1,
    "against_electric": 2,
    "against_fairy": 1,
    "against_fight": 1,
    "against_fire": 1,
    "against_flying": 1,
    "against_ghost": 0,
    "against_grass": 0.5,
    "against_ground": 0,
    "against_ice": 2,
    "against_normal": 1,
    "against_poison": 1,
    "against_psychic": 1,
    "against_rock": 2,
    "against_steel": 1,
    "against_water": 1,
    "attack": 60,
    "base_egg_steps": 3840,
    "base_happiness": 70,
    "base_total": 262,
    "capture_rate": 255,
    "classfication": "Tiny Bird Pokémon",
    "defense": 30,
    "experience_growth": 1000000,
    "height_m": 0.3,
    "hp": 40,
    "japanese_name": "Onisuzumeオニスズメ",
    "name": "Spearow",
    "percentage_male": 50,
    "pokedex_number": 21,
    "sp_attack": 31,
    "sp_defense": 31,
    "speed": 70,
    "type1": "normal",
    "type2": "flying",
    "weight_kg": 2,
    "generation": 1,
    "is_legendary": 0
  },
  {
    "abilities": "['Keen Eye', 'Sniper']",
    "against_bug": 0.5,
    "against_dark": 1,
    "against_dragon": 1,
    "against_electric": 2,
    "against_fairy": 1,
    "against_fight": 1,
    "against_fire": 1,
    "against_flying": 1,
    "against_ghost": 0,
    "against_grass": 0.5,
    "against_ground": 0,
    "against_ice": 2,
    "against_normal": 1,
    "against_poison": 1,
    "against_psychic": 1,
    "against_rock": 2,
    "against_steel": 1,
    "against_water": 1,
    "attack": 90,
    "base_egg_steps": 3840,
    "base_happiness": 70,
    "base_total": 442,
    "capture_rate": 90,
    "classfication": "Beak Pokémon",
    "defense": 65,
    "experience_growth": 1000000,
    "height_m": 1.2,
    "hp": 65,
    "japanese_name": "Onidrillオニドリル",
    "name": "Fearow",
    "percentage_male": 50,
    "pokedex_number": 22,
    "sp_attack": 61,
    "sp_defense": 61,
    "speed": 100,
    "type1": "normal",
    "type2": "flying",
    "weight_kg": 38,
    "generation": 1,
    "is_legendary": 0
  },
  {
    "abilities": "['Intimidate', 'Shed Skin', 'Unnerve']",
    "against_bug": 0.5,
    "against_dark": 1,
    "against_dragon": 1,
    "against_electric": 1,
    "against_fairy": 0.5,
    "against_fight": 0.5,
    "against_fire": 1,
    "against_flying": 1,
    "against_ghost": 1,
    "against_grass": 0.5,
    "against_ground": 2,
    "against_ice": 1,
    "against_normal": 1,
    "against_poison": 0.5,
    "against_psychic": 2,
    "against_rock": 1,
    "against_steel": 1,
    "against_water": 1,
    "attack": 60,
    "base_egg_steps": 5120,
    "base_happiness": 70,
    "base_total": 288,
    "capture_rate": 255,
    "classfication": "Snake Pokémon",
    "defense": 44,
    "experience_growth": 1000000,
    "height_m": 2,
    "hp": 35,
    "japanese_name": "Arboアーボ",
    "name": "Ekans",
    "percentage_male": 50,
    "pokedex_number": 23,
    "sp_attack": 40,
    "sp_defense": 54,
    "speed": 55,
    "type1": "poison",
    "type2": "",
    "weight_kg": 6.9,
    "generation": 1,
    "is_legendary": 0
  },
  {
    "abilities": "['Intimidate', 'Shed Skin', 'Unnerve']",
    "against_bug": 0.5,
    "against_dark": 1,
    "against_dragon": 1,
    "against_electric": 1,
    "against_fairy": 0.5,
    "against_fight": 0.5,
    "against_fire": 1,
    "against_flying": 1,
    "against_ghost": 1,
    "against_grass": 0.5,
    "against_ground": 2,
    "against_ice": 1,
    "against_normal": 1,
    "against_poison": 0.5,
    "against_psychic": 2,
    "against_rock": 1,
    "against_steel": 1,
    "against_water": 1,
    "attack": 95,
    "base_egg_steps": 5120,
    "base_happiness": 70,
    "base_total": 448,
    "capture_rate": 90,
    "classfication": "Cobra Pokémon",
    "defense": 69,
    "experience_growth": 1000000,
    "height_m": 3.5,
    "hp": 60,
    "japanese_name": "Arbokアーボック",
    "name": "Arbok",
    "percentage_male": 50,
    "pokedex_number": 24,
    "sp_attack": 65,
    "sp_defense": 79,
    "speed": 80,
    "type1": "poison",
    "type2": "",
    "weight_kg": 65,
    "generation": 1,
    "is_legendary": 0
  },
  {
    "abilities": "['Static', 'Lightningrod']",
    "against_bug": 1,
    "against_dark": 1,
    "against_dragon": 1,
    "against_electric": 0.5,
    "against_fairy": 1,
    "against_fight": 1,
    "against_fire": 1,
    "against_flying": 0.5,
    "against_ghost": 1,
    "against_grass": 1,
    "against_ground": 2,
    "against_ice": 1,
    "against_normal": 1,
    "against_poison": 1,
    "against_psychic": 1,
    "against_rock": 1,
    "against_steel": 0.5,
    "against_water": 1,
    "attack": 55,
    "base_egg_steps": 2560,
    "base_happiness": 70,
    "base_total": 320,
    "capture_rate": 190,
    "classfication": "Mouse Pokémon",
    "defense": 40,
    "experience_growth": 1000000,
    "height_m": 0.4,
    "hp": 35,
    "japanese_name": "Pikachuピカチュウ",
    "name": "Pikachu",
    "percentage_male": 50,
    "pokedex_number": 25,
    "sp_attack": 50,
    "sp_defense": 50,
    "speed": 90,
    "type1": "electric",
    "type2": "",
    "weight_kg": 6,
    "generation": 1,
    "is_legendary": 0
  },
  {
    "abilities": "['Static', 'Lightningrod', 'Surge Surfer']",
    "against_bug": 1,
    "against_dark": 1,
    "against_dragon": 1,
    "against_electric": 0.5,
    "against_fairy": 1,
    "against_fight": 1,
    "against_fire": 1,
    "against_flying": 0.5,
    "against_ghost": 1,
    "against_grass": 1,
    "against_ground": 2,
    "against_ice": 1,
    "against_normal": 1,
    "against_poison": 1,
    "against_psychic": 1,
    "against_rock": 1,
    "against_steel": 0.5,
    "against_water": 1,
    "attack": 85,
    "base_egg_steps": 2560,
    "base_happiness": 70,
    "base_total": 485,
    "capture_rate": 75,
    "classfication": "Mouse Pokémon",
    "defense": 50,
    "experience_growth": 1000000,
    "height_m": "",
    "hp": 60,
    "japanese_name": "Raichuライチュウ",
    "name": "Raichu",
    "percentage_male": 50,
    "pokedex_number": 26,
    "sp_attack": 95,
    "sp_defense": 85,
    "speed": 110,
    "type1": "electric",
    "type2": "electric",
    "weight_kg": "",
    "generation": 1,
    "is_legendary": 0
  },
  {
    "abilities": "['Sand Veil', 'Sand Rush', 'Snow Cloak', 'Slush Rush']",
    "against_bug": 1,
    "against_dark": 1,
    "against_dragon": 1,
    "against_electric": 0,
    "against_fairy": 1,
    "against_fight": 1,
    "against_fire": 1,
    "against_flying": 1,
    "against_ghost": 1,
    "against_grass": 2,
    "against_ground": 1,
    "against_ice": 2,
    "against_normal": 1,
    "against_poison": 0.5,
    "against_psychic": 1,
    "against_rock": 0.5,
    "against_steel": 1,
    "against_water": 2,
    "attack": 75,
    "base_egg_steps": 5120,
    "base_happiness": 70,
    "base_total": 300,
    "capture_rate": 255,
    "classfication": "Mouse Pokémon",
    "defense": 90,
    "experience_growth": 1000000,
    "height_m": "",
    "hp": 50,
    "japanese_name": "Sandサンド",
    "name": "Sandshrew",
    "percentage_male": 50,
    "pokedex_number": 27,
    "sp_attack": 10,
    "sp_defense": 35,
    "speed": 40,
    "type1": "ground",
    "type2": "ice",
    "weight_kg": "",
    "generation": 1,
    "is_legendary": 0
  },
  {
    "abilities": "['Sand Veil', 'Sand Rush', 'Snow Cloak', 'Slush Rush']",
    "against_bug": 1,
    "against_dark": 1,
    "against_dragon": 1,
    "against_electric": 0,
    "against_fairy": 1,
    "against_fight": 1,
    "against_fire": 1,
    "against_flying": 1,
    "against_ghost": 1,
    "against_grass": 2,
    "against_ground": 1,
    "against_ice": 2,
    "against_normal": 1,
    "against_poison": 0.5,
    "against_psychic": 1,
    "against_rock": 0.5,
    "against_steel": 1,
    "against_water": 2,
    "attack": 100,
    "base_egg_steps": 5120,
    "base_happiness": 70,
    "base_total": 450,
    "capture_rate": 90,
    "classfication": "Mouse Pokémon",
    "defense": 120,
    "experience_growth": 1000000,
    "height_m": "",
    "hp": 75,
    "japanese_name": "Sandpanサンドパン",
    "name": "Sandslash",
    "percentage_male": 50,
    "pokedex_number": 28,
    "sp_attack": 25,
    "sp_defense": 65,
    "speed": 65,
    "type1": "ground",
    "type2": "ice",
    "weight_kg": "",
    "generation": 1,
    "is_legendary": 0
  },
  {
    "abilities": "['Poison Point', 'Rivalry', 'Hustle']",
    "against_bug": 0.5,
    "against_dark": 1,
    "against_dragon": 1,
    "against_electric": 1,
    "against_fairy": 0.5,
    "against_fight": 0.5,
    "against_fire": 1,
    "against_flying": 1,
    "against_ghost": 1,
    "against_grass": 0.5,
    "against_ground": 2,
    "against_ice": 1,
    "against_normal": 1,
    "against_poison": 0.5,
    "against_psychic": 2,
    "against_rock": 1,
    "against_steel": 1,
    "against_water": 1,
    "attack": 47,
    "base_egg_steps": 5120,
    "base_happiness": 70,
    "base_total": 275,
    "capture_rate": 235,
    "classfication": "Poison Pin Pokémon",
    "defense": 52,
    "experience_growth": 1059860,
    "height_m": 0.4,
    "hp": 55,
    "japanese_name": "Nidoran?ニドラン♀",
    "name": "Nidoran♀",
    "percentage_male": 0,
    "pokedex_number": 29,
    "sp_attack": 40,
    "sp_defense": 40,
    "speed": 41,
    "type1": "poison",
    "type2": "",
    "weight_kg": 7,
    "generation": 1,
    "is_legendary": 0
  },
  {
    "abilities": "['Poison Point', 'Rivalry', 'Hustle']",
    "against_bug": 0.5,
    "against_dark": 1,
    "against_dragon": 1,
    "against_electric": 1,
    "against_fairy": 0.5,
    "against_fight": 0.5,
    "against_fire": 1,
    "against_flying": 1,
    "against_ghost": 1,
    "against_grass": 0.5,
    "against_ground": 2,
    "against_ice": 1,
    "against_normal": 1,
    "against_poison": 0.5,
    "against_psychic": 2,
    "against_rock": 1,
    "against_steel": 1,
    "against_water": 1,
    "attack": 62,
    "base_egg_steps": 5120,
    "base_happiness": 70,
    "base_total": 365,
    "capture_rate": 120,
    "classfication": "Poison Pin Pokémon",
    "defense": 67,
    "experience_growth": 1059860,
    "height_m": 0.8,
    "hp": 70,
    "japanese_name": "Nidorinaニドリーナ",
    "name": "Nidorina",
    "percentage_male": 0,
    "pokedex_number": 30,
    "sp_attack": 55,
    "sp_defense": 55,
    "speed": 56,
    "type1": "poison",
    "type2": "",
    "weight_kg": 20,
    "generation": 1,
    "is_legendary": 0
  },
  {
    "abilities": "['Poison Point', 'Rivalry', 'Sheer Force']",
    "against_bug": 0.5,
    "against_dark": 1,
    "against_dragon": 1,
    "against_electric": 0,
    "against_fairy": 0.5,
    "against_fight": 0.5,
    "against_fire": 1,
    "against_flying": 1,
    "against_ghost": 1,
    "against_grass": 1,
    "against_ground": 2,
    "against_ice": 2,
    "against_normal": 1,
    "against_poison": 0.25,
    "against_psychic": 2,
    "against_rock": 0.5,
    "against_steel": 1,
    "against_water": 2,
    "attack": 92,
    "base_egg_steps": 5120,
    "base_happiness": 70,
    "base_total": 505,
    "capture_rate": 45,
    "classfication": "Drill Pokémon",
    "defense": 87,
    "experience_growth": 1059860,
    "height_m": 1.3,
    "hp": 90,
    "japanese_name": "Nidoqueenニドクイン",
    "name": "Nidoqueen",
    "percentage_male": 0,
    "pokedex_number": 31,
    "sp_attack": 75,
    "sp_defense": 85,
    "speed": 76,
    "type1": "poison",
    "type2": "ground",
    "weight_kg": 60,
    "generation": 1,
    "is_legendary": 0
  },
  {
    "abilities": "['Poison Point', 'Rivalry', 'Hustle']",
    "against_bug": 0.5,
    "against_dark": 1,
    "against_dragon": 1,
    "against_electric": 1,
    "against_fairy": 0.5,
    "against_fight": 0.5,
    "against_fire": 1,
    "against_flying": 1,
    "against_ghost": 1,
    "against_grass": 0.5,
    "against_ground": 2,
    "against_ice": 1,
    "against_normal": 1,
    "against_poison": 0.5,
    "against_psychic": 2,
    "against_rock": 1,
    "against_steel": 1,
    "against_water": 1,
    "attack": 57,
    "base_egg_steps": 5120,
    "base_happiness": 70,
    "base_total": 273,
    "capture_rate": 235,
    "classfication": "Poison Pin Pokémon",
    "defense": 40,
    "experience_growth": 1059860,
    "height_m": 0.5,
    "hp": 46,
    "japanese_name": "Nidoran?ニドラン♂",
    "name": "Nidoran♂",
    "percentage_male": 100,
    "pokedex_number": 32,
    "sp_attack": 40,
    "sp_defense": 40,
    "speed": 50,
    "type1": "poison",
    "type2": "",
    "weight_kg": 9,
    "generation": 1,
    "is_legendary": 0
  },
  {
    "abilities": "['Poison Point', 'Rivalry', 'Hustle']",
    "against_bug": 0.5,
    "against_dark": 1,
    "against_dragon": 1,
    "against_electric": 1,
    "against_fairy": 0.5,
    "against_fight": 0.5,
    "against_fire": 1,
    "against_flying": 1,
    "against_ghost": 1,
    "against_grass": 0.5,
    "against_ground": 2,
    "against_ice": 1,
    "against_normal": 1,
    "against_poison": 0.5,
    "against_psychic": 2,
    "against_rock": 1,
    "against_steel": 1,
    "against_water": 1,
    "attack": 72,
    "base_egg_steps": 5120,
    "base_happiness": 70,
    "base_total": 365,
    "capture_rate": 120,
    "classfication": "Poison Pin Pokémon",
    "defense": 57,
    "experience_growth": 1059860,
    "height_m": 0.9,
    "hp": 61,
    "japanese_name": "Nidorinoニドリーノ",
    "name": "Nidorino",
    "percentage_male": 100,
    "pokedex_number": 33,
    "sp_attack": 55,
    "sp_defense": 55,
    "speed": 65,
    "type1": "poison",
    "type2": "",
    "weight_kg": 19.5,
    "generation": 1,
    "is_legendary": 0
  },
  {
    "abilities": "['Poison Point', 'Rivalry', 'Sheer Force']",
    "against_bug": 0.5,
    "against_dark": 1,
    "against_dragon": 1,
    "against_electric": 0,
    "against_fairy": 0.5,
    "against_fight": 0.5,
    "against_fire": 1,
    "against_flying": 1,
    "against_ghost": 1,
    "against_grass": 1,
    "against_ground": 2,
    "against_ice": 2,
    "against_normal": 1,
    "against_poison": 0.25,
    "against_psychic": 2,
    "against_rock": 0.5,
    "against_steel": 1,
    "against_water": 2,
    "attack": 102,
    "base_egg_steps": 5120,
    "base_happiness": 70,
    "base_total": 505,
    "capture_rate": 45,
    "classfication": "Drill Pokémon",
    "defense": 77,
    "experience_growth": 1059860,
    "height_m": 1.4,
    "hp": 81,
    "japanese_name": "Nidokingニドキング",
    "name": "Nidoking",
    "percentage_male": 100,
    "pokedex_number": 34,
    "sp_attack": 85,
    "sp_defense": 75,
    "speed": 85,
    "type1": "poison",
    "type2": "ground",
    "weight_kg": 62,
    "generation": 1,
    "is_legendary": 0
  },
  {
    "abilities": "['Cute Charm', 'Magic Guard', 'Friend Guard']",
    "against_bug": 0.5,
    "against_dark": 0.5,
    "against_dragon": 0,
    "against_electric": 1,
    "against_fairy": 1,
    "against_fight": 0.5,
    "against_fire": 1,
    "against_flying": 1,
    "against_ghost": 1,
    "against_grass": 1,
    "against_ground": 1,
    "against_ice": 1,
    "against_normal": 1,
    "against_poison": 2,
    "against_psychic": 1,
    "against_rock": 1,
    "against_steel": 2,
    "against_water": 1,
    "attack": 45,
    "base_egg_steps": 2560,
    "base_happiness": 140,
    "base_total": 323,
    "capture_rate": 150,
    "classfication": "Fairy Pokémon",
    "defense": 48,
    "experience_growth": 800000,
    "height_m": 0.6,
    "hp": 70,
    "japanese_name": "Pippiピッピ",
    "name": "Clefairy",
    "percentage_male": 24.6,
    "pokedex_number": 35,
    "sp_attack": 60,
    "sp_defense": 65,
    "speed": 35,
    "type1": "fairy",
    "type2": "",
    "weight_kg": 7.5,
    "generation": 1,
    "is_legendary": 0
  },
  {
    "abilities": "['Cute Charm', 'Magic Guard', 'Unaware']",
    "against_bug": 0.5,
    "against_dark": 0.5,
    "against_dragon": 0,
    "against_electric": 1,
    "against_fairy": 1,
    "against_fight": 0.5,
    "against_fire": 1,
    "against_flying": 1,
    "against_ghost": 1,
    "against_grass": 1,
    "against_ground": 1,
    "against_ice": 1,
    "against_normal": 1,
    "against_poison": 2,
    "against_psychic": 1,
    "against_rock": 1,
    "against_steel": 2,
    "against_water": 1,
    "attack": 70,
    "base_egg_steps": 2560,
    "base_happiness": 140,
    "base_total": 483,
    "capture_rate": 25,
    "classfication": "Fairy Pokémon",
    "defense": 73,
    "experience_growth": 800000,
    "height_m": 1.3,
    "hp": 95,
    "japanese_name": "Pixyピクシー",
    "name": "Clefable",
    "percentage_male": 24.6,
    "pokedex_number": 36,
    "sp_attack": 95,
    "sp_defense": 90,
    "speed": 60,
    "type1": "fairy",
    "type2": "",
    "weight_kg": 40,
    "generation": 1,
    "is_legendary": 0
  },
  {
    "abilities": "['Flash Fire', 'Drought', 'Snow Cloak', 'Snow Warning']",
    "against_bug": 0.5,
    "against_dark": 1,
    "against_dragon": 1,
    "against_electric": 1,
    "against_fairy": 0.5,
    "against_fight": 1,
    "against_fire": 0.5,
    "against_flying": 1,
    "against_ghost": 1,
    "against_grass": 0.5,
    "against_ground": 2,
    "against_ice": 0.5,
    "against_normal": 1,
    "against_poison": 1,
    "against_psychic": 1,
    "against_rock": 2,
    "against_steel": 0.5,
    "against_water": 2,
    "attack": 41,
    "base_egg_steps": 5120,
    "base_happiness": 70,
    "base_total": 299,
    "capture_rate": 190,
    "classfication": "Fox Pokémon",
    "defense": 40,
    "experience_growth": 1000000,
    "height_m": "",
    "hp": 38,
    "japanese_name": "Rokonロコン",
    "name": "Vulpix",
    "percentage_male": 24.6,
    "pokedex_number": 37,
    "sp_attack": 50,
    "sp_defense": 65,
    "speed": 65,
    "type1": "fire",
    "type2": "ice",
    "weight_kg": "",
    "generation": 1,
    "is_legendary": 0
  },
  {
    "abilities": "['Flash Fire', 'Drought', 'Snow Cloak', 'Snow Warning']",
    "against_bug": 0.5,
    "against_dark": 1,
    "against_dragon": 1,
    "against_electric": 1,
    "against_fairy": 0.5,
    "against_fight": 1,
    "against_fire": 0.5,
    "against_flying": 1,
    "against_ghost": 1,
    "against_grass": 0.5,
    "against_ground": 2,
    "against_ice": 0.5,
    "against_normal": 1,
    "against_poison": 1,
    "against_psychic": 1,
    "against_rock": 2,
    "against_steel": 0.5,
    "against_water": 2,
    "attack": 67,
    "base_egg_steps": 5120,
    "base_happiness": 70,
    "base_total": 505,
    "capture_rate": 75,
    "classfication": "Fox Pokémon",
    "defense": 75,
    "experience_growth": 1000000,
    "height_m": "",
    "hp": 73,
    "japanese_name": "Kyukonキュウコン",
    "name": "Ninetales",
    "percentage_male": 24.6,
    "pokedex_number": 38,
    "sp_attack": 81,
    "sp_defense": 100,
    "speed": 109,
    "type1": "fire",
    "type2": "ice",
    "weight_kg": "",
    "generation": 1,
    "is_legendary": 0
  },
  {
    "abilities": "['Cute Charm', 'Competitive', 'Friend Guard']",
    "against_bug": 0.5,
    "against_dark": 0.5,
    "against_dragon": 0,
    "against_electric": 1,
    "against_fairy": 1,
    "against_fight": 1,
    "against_fire": 1,
    "against_flying": 1,
    "against_ghost": 0,
    "against_grass": 1,
    "against_ground": 1,
    "against_ice": 1,
    "against_normal": 1,
    "against_poison": 2,
    "against_psychic": 1,
    "against_rock": 1,
    "against_steel": 2,
    "against_water": 1,
    "attack": 45,
    "base_egg_steps": 2560,
    "base_happiness": 70,
    "base_total": 270,
    "capture_rate": 170,
    "classfication": "Balloon Pokémon",
    "defense": 20,
    "experience_growth": 800000,
    "height_m": 0.5,
    "hp": 115,
    "japanese_name": "Purinプリン",
    "name": "Jigglypuff",
    "percentage_male": 24.6,
    "pokedex_number": 39,
    "sp_attack": 45,
    "sp_defense": 25,
    "speed": 20,
    "type1": "normal",
    "type2": "fairy",
    "weight_kg": 5.5,
    "generation": 1,
    "is_legendary": 0
  },
  {
    "abilities": "['Cute Charm', 'Competitive', 'Frisk']",
    "against_bug": 0.5,
    "against_dark": 0.5,
    "against_dragon": 0,
    "against_electric": 1,
    "against_fairy": 1,
    "against_fight": 1,
    "against_fire": 1,
    "against_flying": 1,
    "against_ghost": 0,
    "against_grass": 1,
    "against_ground": 1,
    "against_ice": 1,
    "against_normal": 1,
    "against_poison": 2,
    "against_psychic": 1,
    "against_rock": 1,
    "against_steel": 2,
    "against_water": 1,
    "attack": 70,
    "base_egg_steps": 2560,
    "base_happiness": 70,
    "base_total": 435,
    "capture_rate": 50,
    "classfication": "Balloon Pokémon",
    "defense": 45,
    "experience_growth": 800000,
    "height_m": 1,
    "hp": 140,
    "japanese_name": "Pukurinプクリン",
    "name": "Wigglytuff",
    "percentage_male": 24.6,
    "pokedex_number": 40,
    "sp_attack": 85,
    "sp_defense": 50,
    "speed": 45,
    "type1": "normal",
    "type2": "fairy",
    "weight_kg": 12,
    "generation": 1,
    "is_legendary": 0
  },
  {
    "abilities": "['Inner Focus', 'Infiltrator']",
    "against_bug": 0.25,
    "against_dark": 1,
    "against_dragon": 1,
    "against_electric": 2,
    "against_fairy": 0.5,
    "against_fight": 0.25,
    "against_fire": 1,
    "against_flying": 1,
    "against_ghost": 1,
    "against_grass": 0.25,
    "against_ground": 0,
    "against_ice": 2,
    "against_normal": 1,
    "against_poison": 0.5,
    "against_psychic": 2,
    "against_rock": 2,
    "against_steel": 1,
    "against_water": 1,
    "attack": 45,
    "base_egg_steps": 3840,
    "base_happiness": 70,
    "base_total": 245,
    "capture_rate": 255,
    "classfication": "Bat Pokémon",
    "defense": 35,
    "experience_growth": 1000000,
    "height_m": 0.8,
    "hp": 40,
    "japanese_name": "Zubatズバット",
    "name": "Zubat",
    "percentage_male": 50,
    "pokedex_number": 41,
    "sp_attack": 30,
    "sp_defense": 40,
    "speed": 55,
    "type1": "poison",
    "type2": "flying",
    "weight_kg": 7.5,
    "generation": 1,
    "is_legendary": 0
  },
  {
    "abilities": "['Inner Focus', 'Infiltrator']",
    "against_bug": 0.25,
    "against_dark": 1,
    "against_dragon": 1,
    "against_electric": 2,
    "against_fairy": 0.5,
    "against_fight": 0.25,
    "against_fire": 1,
    "against_flying": 1,
    "against_ghost": 1,
    "against_grass": 0.25,
    "against_ground": 0,
    "against_ice": 2,
    "against_normal": 1,
    "against_poison": 0.5,
    "against_psychic": 2,
    "against_rock": 2,
    "against_steel": 1,
    "against_water": 1,
    "attack": 80,
    "base_egg_steps": 3840,
    "base_happiness": 70,
    "base_total": 455,
    "capture_rate": 90,
    "classfication": "Bat Pokémon",
    "defense": 70,
    "experience_growth": 1000000,
    "height_m": 1.6,
    "hp": 75,
    "japanese_name": "Golbatゴルバット",
    "name": "Golbat",
    "percentage_male": 50,
    "pokedex_number": 42,
    "sp_attack": 65,
    "sp_defense": 75,
    "speed": 90,
    "type1": "poison",
    "type2": "flying",
    "weight_kg": 55,
    "generation": 1,
    "is_legendary": 0
  },
  {
    "abilities": "['Chlorophyll', 'Run Away']",
    "against_bug": 1,
    "against_dark": 1,
    "against_dragon": 1,
    "against_electric": 0.5,
    "against_fairy": 0.5,
    "against_fight": 0.5,
    "against_fire": 2,
    "against_flying": 2,
    "against_ghost": 1,
    "against_grass": 0.25,
    "against_ground": 1,
    "against_ice": 2,
    "against_normal": 1,
    "against_poison": 1,
    "against_psychic": 2,
    "against_rock": 1,
    "against_steel": 1,
    "against_water": 0.5,
    "attack": 50,
    "base_egg_steps": 5120,
    "base_happiness": 70,
    "base_total": 320,
    "capture_rate": 255,
    "classfication": "Weed Pokémon",
    "defense": 55,
    "experience_growth": 1059860,
    "height_m": 0.5,
    "hp": 45,
    "japanese_name": "Nazonokusaナゾノクサ",
    "name": "Oddish",
    "percentage_male": 50,
    "pokedex_number": 43,
    "sp_attack": 75,
    "sp_defense": 65,
    "speed": 30,
    "type1": "grass",
    "type2": "poison",
    "weight_kg": 5.4,
    "generation": 1,
    "is_legendary": 0
  },
  {
    "abilities": "['Chlorophyll', 'Stench']",
    "against_bug": 1,
    "against_dark": 1,
    "against_dragon": 1,
    "against_electric": 0.5,
    "against_fairy": 0.5,
    "against_fight": 0.5,
    "against_fire": 2,
    "against_flying": 2,
    "against_ghost": 1,
    "against_grass": 0.25,
    "against_ground": 1,
    "against_ice": 2,
    "against_normal": 1,
    "against_poison": 1,
    "against_psychic": 2,
    "against_rock": 1,
    "against_steel": 1,
    "against_water": 0.5,
    "attack": 65,
    "base_egg_steps": 5120,
    "base_happiness": 70,
    "base_total": 395,
    "capture_rate": 120,
    "classfication": "Weed Pokémon",
    "defense": 70,
    "experience_growth": 1059860,
    "height_m": 0.8,
    "hp": 60,
    "japanese_name": "Kusaihanaクサイハナ",
    "name": "Gloom",
    "percentage_male": 50,
    "pokedex_number": 44,
    "sp_attack": 85,
    "sp_defense": 75,
    "speed": 40,
    "type1": "grass",
    "type2": "poison",
    "weight_kg": 8.6,
    "generation": 1,
    "is_legendary": 0
  },
  {
    "abilities": "['Chlorophyll', 'Effect Spore']",
    "against_bug": 1,
    "against_dark": 1,
    "against_dragon": 1,
    "against_electric": 0.5,
    "against_fairy": 0.5,
    "against_fight": 0.5,
    "against_fire": 2,
    "against_flying": 2,
    "against_ghost": 1,
    "against_grass": 0.25,
    "against_ground": 1,
    "against_ice": 2,
    "against_normal": 1,
    "against_poison": 1,
    "against_psychic": 2,
    "against_rock": 1,
    "against_steel": 1,
    "against_water": 0.5,
    "attack": 80,
    "base_egg_steps": 5120,
    "base_happiness": 70,
    "base_total": 490,
    "capture_rate": 45,
    "classfication": "Flower Pokémon",
    "defense": 85,
    "experience_growth": 1059860,
    "height_m": 1.2,
    "hp": 75,
    "japanese_name": "Ruffresiaラフレシア",
    "name": "Vileplume",
    "percentage_male": 50,
    "pokedex_number": 45,
    "sp_attack": 110,
    "sp_defense": 90,
    "speed": 50,
    "type1": "grass",
    "type2": "poison",
    "weight_kg": 18.6,
    "generation": 1,
    "is_legendary": 0
  },
  {
    "abilities": "['Effect Spore', 'Dry Skin', 'Damp']",
    "against_bug": 2,
    "against_dark": 1,
    "against_dragon": 1,
    "against_electric": 0.5,
    "against_fairy": 1,
    "against_fight": 0.5,
    "against_fire": 4,
    "against_flying": 4,
    "against_ghost": 1,
    "against_grass": 0.25,
    "against_ground": 0.25,
    "against_ice": 2,
    "against_normal": 1,
    "against_poison": 2,
    "against_psychic": 1,
    "against_rock": 2,
    "against_steel": 1,
    "against_water": 0.5,
    "attack": 70,
    "base_egg_steps": 5120,
    "base_happiness": 70,
    "base_total": 285,
    "capture_rate": 190,
    "classfication": "Mushroom Pokémon",
    "defense": 55,
    "experience_growth": 1000000,
    "height_m": 0.3,
    "hp": 35,
    "japanese_name": "Parasパラス",
    "name": "Paras",
    "percentage_male": 50,
    "pokedex_number": 46,
    "sp_attack": 45,
    "sp_defense": 55,
    "speed": 25,
    "type1": "bug",
    "type2": "grass",
    "weight_kg": 5.4,
    "generation": 1,
    "is_legendary": 0
  },
  {
    "abilities": "['Effect Spore', 'Dry Skin', 'Damp']",
    "against_bug": 2,
    "against_dark": 1,
    "against_dragon": 1,
    "against_electric": 0.5,
    "against_fairy": 1,
    "against_fight": 0.5,
    "against_fire": 4,
    "against_flying": 4,
    "against_ghost": 1,
    "against_grass": 0.25,
    "against_ground": 0.25,
    "against_ice": 2,
    "against_normal": 1,
    "against_poison": 2,
    "against_psychic": 1,
    "against_rock": 2,
    "against_steel": 1,
    "against_water": 0.5,
    "attack": 95,
    "base_egg_steps": 5120,
    "base_happiness": 70,
    "base_total": 405,
    "capture_rate": 75,
    "classfication": "Mushroom Pokémon",
    "defense": 80,
    "experience_growth": 1000000,
    "height_m": 1,
    "hp": 60,
    "japanese_name": "Parasectパラセクト",
    "name": "Parasect",
    "percentage_male": 50,
    "pokedex_number": 47,
    "sp_attack": 60,
    "sp_defense": 80,
    "speed": 30,
    "type1": "bug",
    "type2": "grass",
    "weight_kg": 29.5,
    "generation": 1,
    "is_legendary": 0
  },
  {
    "abilities": "['Compoundeyes', 'Tinted Lens', 'Run Away']",
    "against_bug": 0.5,
    "against_dark": 1,
    "against_dragon": 1,
    "against_electric": 1,
    "against_fairy": 0.5,
    "against_fight": 0.25,
    "against_fire": 2,
    "against_flying": 2,
    "against_ghost": 1,
    "against_grass": 0.25,
    "against_ground": 1,
    "against_ice": 1,
    "against_normal": 1,
    "against_poison": 0.5,
    "against_psychic": 2,
    "against_rock": 2,
    "against_steel": 1,
    "against_water": 1,
    "attack": 55,
    "base_egg_steps": 5120,
    "base_happiness": 70,
    "base_total": 305,
    "capture_rate": 190,
    "classfication": "Insect Pokémon",
    "defense": 50,
    "experience_growth": 1000000,
    "height_m": 1,
    "hp": 60,
    "japanese_name": "Kongpangコンパン",
    "name": "Venonat",
    "percentage_male": 50,
    "pokedex_number": 48,
    "sp_attack": 40,
    "sp_defense": 55,
    "speed": 45,
    "type1": "bug",
    "type2": "poison",
    "weight_kg": 30,
    "generation": 1,
    "is_legendary": 0
  },
  {
    "abilities": "['Shield Dust', 'Tinted Lens', 'Wonder Skin ']",
    "against_bug": 0.5,
    "against_dark": 1,
    "against_dragon": 1,
    "against_electric": 1,
    "against_fairy": 0.5,
    "against_fight": 0.25,
    "against_fire": 2,
    "against_flying": 2,
    "against_ghost": 1,
    "against_grass": 0.25,
    "against_ground": 1,
    "against_ice": 1,
    "against_normal": 1,
    "against_poison": 0.5,
    "against_psychic": 2,
    "against_rock": 2,
    "against_steel": 1,
    "against_water": 1,
    "attack": 65,
    "base_egg_steps": 5120,
    "base_happiness": 70,
    "base_total": 450,
    "capture_rate": 75,
    "classfication": "Poison Moth Pokémon",
    "defense": 60,
    "experience_growth": 1000000,
    "height_m": 1.5,
    "hp": 70,
    "japanese_name": "Morphonモルフォン",
    "name": "Venomoth",
    "percentage_male": 50,
    "pokedex_number": 49,
    "sp_attack": 90,
    "sp_defense": 75,
    "speed": 90,
    "type1": "bug",
    "type2": "poison",
    "weight_kg": 12.5,
    "generation": 1,
    "is_legendary": 0
  },
  {
    "abilities": "['Sand Veil', 'Arena Trap', 'Sand Force', 'Sand Veil', 'Tangling Hair', 'Sand Force']",
    "against_bug": 1,
    "against_dark": 1,
    "against_dragon": 1,
    "against_electric": 0,
    "against_fairy": 1,
    "against_fight": 1,
    "against_fire": 1,
    "against_flying": 1,
    "against_ghost": 1,
    "against_grass": 2,
    "against_ground": 1,
    "against_ice": 2,
    "against_normal": 1,
    "against_poison": 0.5,
    "against_psychic": 1,
    "against_rock": 0.5,
    "against_steel": 1,
    "against_water": 2,
    "attack": 55,
    "base_egg_steps": 5120,
    "base_happiness": 70,
    "base_total": 265,
    "capture_rate": 255,
    "classfication": "Mole Pokémon",
    "defense": 30,
    "experience_growth": 1000000,
    "height_m": "",
    "hp": 10,
    "japanese_name": "Digdaディグダ",
    "name": "Diglett",
    "percentage_male": 50,
    "pokedex_number": 50,
    "sp_attack": 35,
    "sp_defense": 45,
    "speed": 90,
    "type1": "ground",
    "type2": "ground",
    "weight_kg": "",
    "generation": 1,
    "is_legendary": 0
  },
  {
    "abilities": "['Sand Veil', 'Arena Trap', 'Sand Force', 'Sand Veil', 'Tangling Hair', 'Sand Force']",
    "against_bug": 1,
    "against_dark": 1,
    "against_dragon": 1,
    "against_electric": 0,
    "against_fairy": 1,
    "against_fight": 1,
    "against_fire": 1,
    "against_flying": 1,
    "against_ghost": 1,
    "against_grass": 2,
    "against_ground": 1,
    "against_ice": 2,
    "against_normal": 1,
    "against_poison": 0.5,
    "against_psychic": 1,
    "against_rock": 0.5,
    "against_steel": 1,
    "against_water": 2,
    "attack": 100,
    "base_egg_steps": 5120,
    "base_happiness": 70,
    "base_total": 425,
    "capture_rate": 50,
    "classfication": "Mole Pokémon",
    "defense": 60,
    "experience_growth": 1000000,
    "height_m": "",
    "hp": 35,
    "japanese_name": "Dugtrioダグトリオ",
    "name": "Dugtrio",
    "percentage_male": 50,
    "pokedex_number": 51,
    "sp_attack": 50,
    "sp_defense": 70,
    "speed": 110,
    "type1": "ground",
    "type2": "ground",
    "weight_kg": "",
    "generation": 1,
    "is_legendary": 0
  },
  {
    "abilities": "['Pickup', 'Technician', 'Unnerve', 'Pickup', 'Technician', 'Rattled']",
    "against_bug": 1,
    "against_dark": 1,
    "against_dragon": 1,
    "against_electric": 1,
    "against_fairy": 1,
    "against_fight": 2,
    "against_fire": 1,
    "against_flying": 1,
    "against_ghost": 0,
    "against_grass": 1,
    "against_ground": 1,
    "against_ice": 1,
    "against_normal": 1,
    "against_poison": 1,
    "against_psychic": 1,
    "against_rock": 1,
    "against_steel": 1,
    "against_water": 1,
    "attack": 35,
    "base_egg_steps": 5120,
    "base_happiness": 70,
    "base_total": 290,
    "capture_rate": 255,
    "classfication": "Scratch Cat Pokémon",
    "defense": 35,
    "experience_growth": 1000000,
    "height_m": "",
    "hp": 40,
    "japanese_name": "Nyarthニャース",
    "name": "Meowth",
    "percentage_male": 50,
    "pokedex_number": 52,
    "sp_attack": 50,
    "sp_defense": 40,
    "speed": 90,
    "type1": "normal",
    "type2": "dark",
    "weight_kg": "",
    "generation": 1,
    "is_legendary": 0
  },
  {
    "abilities": "['Limber', 'Technician', 'Unnerve', 'Fur Coat', 'Technician', 'Rattled']",
    "against_bug": 1,
    "against_dark": 1,
    "against_dragon": 1,
    "against_electric": 1,
    "against_fairy": 1,
    "against_fight": 2,
    "against_fire": 1,
    "against_flying": 1,
    "against_ghost": 0,
    "against_grass": 1,
    "against_ground": 1,
    "against_ice": 1,
    "against_normal": 1,
    "against_poison": 1,
    "against_psychic": 1,
    "against_rock": 1,
    "against_steel": 1,
    "against_water": 1,
    "attack": 60,
    "base_egg_steps": 5120,
    "base_happiness": 70,
    "base_total": 440,
    "capture_rate": 90,
    "classfication": "Classy Cat Pokémon",
    "defense": 60,
    "experience_growth": 1000000,
    "height_m": "",
    "hp": 65,
    "japanese_name": "Persianペルシアン",
    "name": "Persian",
    "percentage_male": 50,
    "pokedex_number": 53,
    "sp_attack": 75,
    "sp_defense": 65,
    "speed": 115,
    "type1": "normal",
    "type2": "dark",
    "weight_kg": "",
    "generation": 1,
    "is_legendary": 0
  },
  {
    "abilities": "['Damp', 'Cloud Nine', 'Swift Swim']",
    "against_bug": 1,
    "against_dark": 1,
    "against_dragon": 1,
    "against_electric": 2,
    "against_fairy": 1,
    "against_fight": 1,
    "against_fire": 0.5,
    "against_flying": 1,
    "against_ghost": 1,
    "against_grass": 2,
    "against_ground": 1,
    "against_ice": 0.5,
    "against_normal": 1,
    "against_poison": 1,
    "against_psychic": 1,
    "against_rock": 1,
    "against_steel": 0.5,
    "against_water": 0.5,
    "attack": 52,
    "base_egg_steps": 5120,
    "base_happiness": 70,
    "base_total": 320,
    "capture_rate": 190,
    "classfication": "Duck Pokémon",
    "defense": 48,
    "experience_growth": 1000000,
    "height_m": 0.8,
    "hp": 50,
    "japanese_name": "Koduckコダック",
    "name": "Psyduck",
    "percentage_male": 50,
    "pokedex_number": 54,
    "sp_attack": 65,
    "sp_defense": 50,
    "speed": 55,
    "type1": "water",
    "type2": "",
    "weight_kg": 19.6,
    "generation": 1,
    "is_legendary": 0
  },
  {
    "abilities": "['Damp', 'Cloud Nine', 'Swift Swim']",
    "against_bug": 1,
    "against_dark": 1,
    "against_dragon": 1,
    "against_electric": 2,
    "against_fairy": 1,
    "against_fight": 1,
    "against_fire": 0.5,
    "against_flying": 1,
    "against_ghost": 1,
    "against_grass": 2,
    "against_ground": 1,
    "against_ice": 0.5,
    "against_normal": 1,
    "against_poison": 1,
    "against_psychic": 1,
    "against_rock": 1,
    "against_steel": 0.5,
    "against_water": 0.5,
    "attack": 82,
    "base_egg_steps": 5120,
    "base_happiness": 70,
    "base_total": 500,
    "capture_rate": 75,
    "classfication": "Duck Pokémon",
    "defense": 78,
    "experience_growth": 1000000,
    "height_m": 1.7,
    "hp": 80,
    "japanese_name": "Golduckゴルダック",
    "name": "Golduck",
    "percentage_male": 50,
    "pokedex_number": 55,
    "sp_attack": 95,
    "sp_defense": 80,
    "speed": 85,
    "type1": "water",
    "type2": "",
    "weight_kg": 76.6,
    "generation": 1,
    "is_legendary": 0
  },
  {
    "abilities": "['Vital Spirit', 'Anger Point', 'Defiant']",
    "against_bug": 0.5,
    "against_dark": 0.5,
    "against_dragon": 1,
    "against_electric": 1,
    "against_fairy": 2,
    "against_fight": 1,
    "against_fire": 1,
    "against_flying": 2,
    "against_ghost": 1,
    "against_grass": 1,
    "against_ground": 1,
    "against_ice": 1,
    "against_normal": 1,
    "against_poison": 1,
    "against_psychic": 2,
    "against_rock": 0.5,
    "against_steel": 1,
    "against_water": 1,
    "attack": 80,
    "base_egg_steps": 5120,
    "base_happiness": 70,
    "base_total": 305,
    "capture_rate": 190,
    "classfication": "Pig Monkey Pokémon",
    "defense": 35,
    "experience_growth": 1000000,
    "height_m": 0.5,
    "hp": 40,
    "japanese_name": "Mankeyマンキー",
    "name": "Mankey",
    "percentage_male": 50,
    "pokedex_number": 56,
    "sp_attack": 35,
    "sp_defense": 45,
    "speed": 70,
    "type1": "fighting",
    "type2": "",
    "weight_kg": 28,
    "generation": 1,
    "is_legendary": 0
  },
  {
    "abilities": "['Vital Spirit', 'Anger Point', 'Defiant']",
    "against_bug": 0.5,
    "against_dark": 0.5,
    "against_dragon": 1,
    "against_electric": 1,
    "against_fairy": 2,
    "against_fight": 1,
    "against_fire": 1,
    "against_flying": 2,
    "against_ghost": 1,
    "against_grass": 1,
    "against_ground": 1,
    "against_ice": 1,
    "against_normal": 1,
    "against_poison": 1,
    "against_psychic": 2,
    "against_rock": 0.5,
    "against_steel": 1,
    "against_water": 1,
    "attack": 105,
    "base_egg_steps": 5120,
    "base_happiness": 70,
    "base_total": 455,
    "capture_rate": 75,
    "classfication": "Pig Monkey Pokémon",
    "defense": 60,
    "experience_growth": 1000000,
    "height_m": 1,
    "hp": 65,
    "japanese_name": "Okorizaruオコリザル",
    "name": "Primeape",
    "percentage_male": 50,
    "pokedex_number": 57,
    "sp_attack": 60,
    "sp_defense": 70,
    "speed": 95,
    "type1": "fighting",
    "type2": "",
    "weight_kg": 32,
    "generation": 1,
    "is_legendary": 0
  }
]